Όνομα Σχολής,Πόλη,Βάση
"ΑΡΙΣΤΟΤΕΛΕΙΟ ΠΑΝΕΠΙΣΤΗΜΙΟ ΘΕΣΣΑΛΟΝΙΚΗΣ (ΑΠΘ)
Μηχανολόγων Μηχανικών",Θεσσαλονίκη,18300
"ΕΘΝΙΚΟ ΜΕΤΣΟΒΙΟ ΠΟΛΥΤΕΧΝΕΙΟ (ΕΜΠ)
Ναυπηγών Μηχανολόγων Μηχανικών",Αθήνα,18000
"ΕΘΝΙΚΟ ΜΕΤΣΟΒΙΟ ΠΟΛΥΤΕΧΝΕΙΟ (ΕΜΠ)
Μηχανολόγων Μηχανικών",Αθήνα,18000
"ΠΑΝΕΠΙΣΤΗΜΙΟ ΘΕΣΣΑΛΙΑΣ
Μηχανολόγων Μηχανικών",Βόλος,17790
"ΠΑΝΕΠΙΣΤΗΜΙΟ ΠΑΤΡΩΝ
Μηχανολόγων και Αεροναυπηγών Μηχανικών",Πάτρα,17475
"ΠΑΝΕΠΙΣΤΗΜΙΟ ΔΥΤΙΚΗΣ ΑΤΤΙΚΗΣ
Μηχανολόγων Μηχανικών",Αιγάλεω,17150
"ΠΑΝΕΠΙΣΤΗΜΙΟ ΔΥΤΙΚΗΣ ΜΑΚΕΔΟΝΙΑΣ
Μηχανολόγων Μηχανικών",Κοζάνη,16925
"ΔΙΕΘΝΕΣ ΠΑΝΕΠΙΣΤΗΜΙΟ ΕΛΛΑΔΑΣ (ΔΙΠΑΕ)
Μηχανολόγων Μηχανικών",Σέρρες,16640
"ΠΑΝΕΠΙΣΤΗΜΙΟ ΠΕΛΟΠΟΝΝΗΣΟΥ
Μηχανολόγων Μηχανικών",Πάτρα,16540
"ΠΑΝΕΠΙΣΤΗΜΙΟ ΔΥΤΙΚΗΣ ΑΤΤΙΚΗΣ
Ναυπηγών Μηχανικών",Αιγάλεω,16520
"ΕΛΛΗΝΙΚΟ ΜΕΣΟΓΕΙΑΚΟ ΠΑΝΕΠΙΣΤΗΜΙΟ (ΕΛΜΕΠΑ)
Μηχανολόγων Μηχανικών",Ηράκλειο,16200
"ΑΣΠΑΙΤΕ
Εκπαιδευτικών Μηχανολόγων Μηχανικών",Αθήνα,15870
"ΔΙΠΑΕ
Μηχανικών Παραγωγής και Διοίκησης",Θεσσαλονίκη,15780
"ΔΙΠΑΕ
Μηχανικών Περιβάλλοντος",Θεσσαλονίκη,15560
"ΔΗΜΟΚΡΙΤΕΙΟ ΠΑΝΕΠΙΣΤΗΜΙΟ ΘΡΑΚΗΣ
Μηχανικών Παραγωγής και Διοίκησης",Ξάνθη,15550
"ΠΟΛΥΤΕΧΝΕΙΟ ΚΡΗΤΗΣ
Μηχανικών Παραγωγής και Διοίκησης",Χανιά,15490
"ΠΑΝΕΠΙΣΤΗΜΙΟ ΔΥΤΙΚΗΣ ΜΑΚΕΔΟΝΙΑΣ
Μηχανικών Σχεδίασης Προϊόντων και Συστημάτων",Κοζάνη,15150
"ΕΜΠ
Μεταλλειολόγων - Μεταλλουργών Μηχανικών",Αθήνα,15150
"ΠΑΝΕΠΙΣΤΗΜΙΟ ΘΕΣΣΑΛΙΑΣ
Συστημάτων Ενέργειας",Λάρισα,15120
"ΠΑΝΕΠΙΣΤΗΜΙΟ ΔΥΤΙΚΗΣ ΑΤΤΙΚΗΣ
Μηχανικών Βιομηχανικής Σχεδίασης και Παραγωγής",Αιγάλεω,14956
"ΔΠΘ
Μηχανικών Περιβάλλοντος",Ξάνθη,14950
"ΠΟΛΥΤΕΧΝΕΙΟ ΚΡΗΤΗΣ
Μηχανικών Ορυκτών Πόρων",Χανιά,14785
"ΠΟΛΥΤΕΧΝΕΙΟ ΚΡΗΤΗΣ
Χημικών Μηχανικών και Μηχανικών Περιβάλλοντος",Χανιά,14550
"ΓΕΩΠΟΝΙΚΟ ΠΑΝΕΠΙΣΤΗΜΙΟ ΑΘΗΝΩΝ
Αξιοποίησης Φυσικών Πόρων και Γεωργικής Μηχανικής",Αθήνα,14425
"ΠΑΝΕΠΙΣΤΗΜΙΟ ΔΥΤΙΚΗΣ ΜΑΚΕΔΟΝΙΑΣ
Μηχανικών Ορυκτών Πόρων",Κοζάνη,14400
"ΕΚΠΑ
Αεροδιαστημικής Επιστήμης και Τεχνολογίας",Ψαχνά Εύβοιας,14360
"ΠΑΝΕΠΙΣΤΗΜΙΟ ΠΕΙΡΑΙΑ
Βιομηχανικής Διοίκησης και Τεχνολογίας",Πειραιάς,14340
"ΠΑΝΕΠΙΣΤΗΜΙΟ ΑΙΓΑΙΟΥ
Μηχανικών Σχεδίασης Προϊόντων και Συστημάτων",Σύρος,14340
"ΠΑΝΕΠΙΣΤΗΜΙΟ ΙΩΑΝΝΙΝΩΝ
Μηχανικών Επιστήμης Υλικών",Ιωάννινα,14280
"ΕΚΠΑ
Φυσικής",Αθήνα,14020
"ΠΑΝΕΠΙΣΤΗΜΙΟ ΠΑΤΡΩΝ
Επιστήμης των Υλικών",Πάτρα,13950
"ΠΑΝΕΠΙΣΤΗΜΙΟ ΘΕΣΣΑΛΙΑΣ
Περιβάλλοντος",Λάρισα,13790
"ΠΑΝΕΠΙΣΤΗΜΙΟ ΑΙΓΑΙΟΥ
Μηχανικών Οικονομίας και Διοίκησης",Χίος,13675
"ΠΑΝΕΠΙΣΤΗΜΙΟ ΚΡΗΤΗΣ
Επιστήμης και Μηχανικής Υλικών",Ηράκλειο,13500
"ΠΑΝΕΠΙΣΤΗΜΙΟ ΘΕΣΣΑΛΙΑΣ
Φυσικής",Λαμία,13380
"ΔΠΘ
Φυσικής",Καβάλα,13250
"ΙΟΝΙΟ ΠΑΝΕΠΙΣΤΗΜΙΟ
Περιβάλλοντος",Ζάκυνθος,12950
"ΑΠΘ
Φυσικής",Θεσσαλονίκη,12900
"ΠΑΝΕΠΙΣΤΗΜΙΟ ΙΩΑΝΝΙΝΩΝ
Φυσικής",Ιωάννινα,12740
"ΠΑΝΕΠΙΣΤΗΜΙΟ ΠΑΤΡΩΝ
Φυσικής",Πάτρα,12730
"ΠΑΝΕΠΙΣΤΗΜΙΟ ΚΡΗΤΗΣ
Φυσικής",Ηράκλειο,12655
"ΠΑΝΕΠΙΣΤΗΜΙΟ ΑΙΓΑΙΟΥ
Περιβάλλοντος",Μυτιλήνη,12380
